code_insee,commune,dep,latitude,longitude
59003,Jeumont,59,50.2971012,4.0996569
59012,Fourmies,59,50.0171741,4.0458492
59016,Cappelle-la-Grande,59,50.9977218,2.3677943
59021,Maubeuge,59,50.2796417,3.9674127
59033,Aulnoye-Aymeries,59,50.2002502,3.8336383
59038,Douchy-les-Mines,59,50.2988884,3.3909158
59041,Bachant,59,50.2141642,3.8636183
59045,Baives,59,50.0629493,4.2022012
59055,Bazuel,59,50.0918580,3.5894958
59058,Beaufort,59,50.2144406,3.9615305
59061,Beaurepaire-sur-Sambre,59,50.0621813,3.7957516
59066,Bérelles,59,50.2171602,4.1030151
59068,Berlaimont,59,50.2026418,3.8123133
59072,Bersillies,59,50.3222465,4.0053823
59076,Bettignies,59,50.3351298,3.9740371
59101,Bousignies-sur-Roc,59,50.2639635,4.1819027
59103,Boussières-sur-Sambre,59,50.2393544,3.8811687
59104,Boussois,59,50.2906747,4.0391856
59112,Bruay-sur-l'Escaut,59,50.3972770,3.5379105
59131,Cappelle-la-Grande,59,50.9977218,2.3677943
59137,Catillon-sur-Sambre,59,50.0735346,3.6422158
59142,Cerfontaine,59,50.2598795,4.0249254
59147,Choisies,59,50.2139191,4.0402669
59151,Colleret,59,50.2563884,4.0755510
59153,Condé-sur-l'Escaut,59,50.4483415,3.5928883
59157,Cousolre,59,50.2452615,4.1523121
59159,Craywick,59,50.9706858,2.2358159
59160,Crespin,59,50.4177989,3.6613971
59164,Croix-Caluyau,59,50.1516455,3.5865851
59169,Damousies,59,50.2194073,4.0145403
59174,Dimechaux,59,50.1941548,4.0392201
59179,Douchy-les-Mines,59,50.2988884,3.3909158
59181,Dourlers,59,50.1759179,3.9381948
59187,Éclaibes,59,50.2042688,3.9351525
59188,Écuélin,59,50.1938371,3.9088950
59190,Élesmes,59,50.3080764,4.0097998
59198,Eppe-Sauvage,59,50.1203879,4.1776818
59205,Escaudain,59,50.3333247,3.3438289
59207,Escautpont,59,50.4241000,3.5517500
59225,Feignies,59,50.2954202,3.9144090
59229,Féron,59,50.0476108,4.0251871
59230,Ferrière-la-Grande,59,50.2560051,3.9942662
59231,Ferrière-la-Petite,59,50.2395996,4.0241830
59241,Floyon,59,50.0409979,3.8849463
59246,Forest-en-Cambrésis,59,50.1401977,3.5702133
59249,Fourmies,59,50.0171741,4.0458492
59253,Fresnes-sur-Escaut,59,50.4321092,3.5801267
59261,Glageon,59,50.0582983,4.0742106
59264,Gognies-Chaussée,59,50.3392405,3.9435615
59272,Grand-Fort-Philippe,59,51.0014456,2.1045965
59273,Gravelines,59,50.9870697,2.1273118
59283,Hargnies,59,50.2556765,3.8437674
59285,Haspres,59,50.2601290,3.4157380
59291,Hautmont,59,50.2513704,3.9200611
59297,Hélesmes,59,50.3627432,3.3598607
59306,Hestrud,59,50.2022161,4.1548102
59311,Honnechy,59,50.0691941,3.4715728
59314,Hornaing,59,50.3694000,3.3373600
59324,Jeumont,59,50.2971012,4.0996569
59333,Larouillies,59,50.0387817,3.9260736
59136,Le Cateau-Cambrésis,59,50.1058353,3.5417479
59344,Leval,59,50.1789453,3.8306751
59351,Limont-Fontaine,59,50.2182238,3.9232950
59359,Loon-Plage,59,50.9946103,2.2192457
59361,Lourches,59,50.3149962,3.3532859
59365,Louvroil,59,50.2644717,3.9623154
59370,Mairieux,59,50.3119149,3.9824097
59375,Marchiennes,59,50.4075026,3.2825837
59385,Marpent,59,50.2930252,4.0809622
59392,Maubeuge,59,50.2796417,3.9674127
59394,Maurois,59,50.0766539,3.4648901
59395,Mazinghien,59,50.0512301,3.6023828
59406,Monceau-Saint-Waast,59,50.1733306,3.8567253
59412,Montay,59,50.1193196,3.5408561
59420,Moustier-en-Fagne,59,50.0959445,4.1963994
59424,Neuf-Mesnil,59,50.2663032,3.9066923
59429,Neuville-sur-Escaut,59,50.2993698,3.3523537
59439,Noyelles-sur-Sambre,59,50.1575333,3.7999994
59440,Noyelles-sur-Selle,59,50.2787866,3.3824159
59442,Obrechies,59,50.2198458,4.0265362
59445,Ohain,59,50.0398225,4.1191981
59465,Pommereuil,59,50.1127197,3.5964643
59467,Pont-sur-Sambre,59,50.2215226,3.8485702
59474,Prisches,59,50.0795428,3.7711446
59483,Quiévelon,59,50.2380762,4.0746227
59490,Rainsars,59,50.0707591,3.9918246
59495,Recquignies,59,50.2856052,4.0429290
59496,Rejet-de-Beaulieu,59,50.0424664,3.6312513
59498,Reumont,59,50.0825479,3.4831649
59504,Roeulx,59,50.3075282,3.3344358
59514,Rousies,59,50.2726393,4.0052619
59530,Saint-Aybert,59,50.4476661,3.6550860
59531,Saint-Benin,59,50.0769091,3.5333062
59542,Saint-Remy-Chaussée,59,50.1716825,3.8707698
59543,Saint-Remy-du-Nord,59,50.2296440,3.9031228
59545,Saint-Souplet,59,50.0567192,3.5281716
59556,Sassegnies,59,50.1792260,3.8040967
59569,Sin-le-Noble,59,50.3644331,3.1117295
59573,Solrinnes,59,50.2061928,4.0738851
59576,Spycker,59,50.9684357,2.3229610
59583,Taisnières-en-Thiérache,59,50.1474486,3.8152185
59589,Thiant,59,50.3045875,3.4494452
59591,Thivencelle,59,50.4466936,3.6286811
59596,Tilloy-lez-Marchiennes,59,50.4254506,3.3184044
59601,Trélon,59,50.0611640,4.1035648
59604,Troisvilles,59,50.1046108,3.4706483
59610,Verchain-Maugré,59,50.2666859,3.4747473
59613,Vicq,59,50.4149063,3.6087303
59616,Vieux-Condé,59,50.4724228,3.5675784
59617,Vieux-Mesnil,59,50.2612689,3.8713807
59618,Vieux-Reng,59,50.3279199,4.0462265
59622,Villers-en-Cauchies,59,50.2246093,3.4012615
59627,Villers-Sire-Nicole,59,50.3395950,4.0167636
59633,Wallers-en-Fagne,59,50.0631729,4.1729783
59637,Wandignies-Hamage,59,50.3981058,3.3256351
59642,Warlaing,59,50.4102803,3.3272881
59649,Wattignies-la-Victoire,59,50.2002808,4.0108149
59654,Waziers,59,50.3852060,3.1079103
59659,Wignehies,59,50.0139910,4.0040972
60010,Amblainville,60,49.2028875,2.1208837
60012,Andeville,60,49.2597000,2.1685200
60013,Angicourt,60,49.3119451,2.5049821
60014,Angivillers,60,49.4866509,2.5012695
60015,Angy,60,49.3297487,2.3291689
60016,Ansacq,60,49.3446836,2.3597858
60017,Ansauvillers,60,49.5657757,2.3873322
60021,Appilly,60,49.5825062,3.1179142
60031,Autheuil-en-Valois,60,49.1747814,3.0596209
60034,Avrechy,60,49.4482873,2.4271147
60041,Bailleul-sur-Thérain,60,49.3844940,2.2227114
60042,Bailleval,60,49.3474065,2.4571783
60044,Balagny-sur-Thérain,60,49.2959835,2.3361068
60052,Beaugies-sous-Bois,60,49.6372593,3.1008027
60065,Berthecourt,60,49.3504915,2.2244617
60083,Bonneuil-en-Valois,60,49.2853295,2.9904837
60094,Boursonne,60,49.2023802,3.0472338
60102,Brenouille,60,49.3022750,2.5283108
60103,Bresles,60,49.4091281,2.2525151
60112,Brunvillers-la-Motte,60,49.5490569,2.4502093
60115,Bulles,60,49.4598673,2.3269895
60116,Bury,60,49.3132772,2.3439338
60130,Catenoy,60,49.3678919,2.5101864
60133,Catillon-Fumechon,60,49.5192458,2.3682228
60134,Cauffry,60,49.3169260,2.4492290
60135,Cauvigny,60,49.3008171,2.2482915
60154,Cinqueux,60,49.3194308,2.5273788
60155,Cires-lès-Mello,60,49.2714584,2.3559541
60162,Corbeil-Cerf,60,49.2805814,2.1038190
60186,Cuignières,60,49.4514167,2.4716631
60207,Éméville,60,49.2840249,3.0277961
60216,Erquinvillers,60,49.4581484,2.4764775
60218,Esches,60,49.2173026,2.1673656
60222,Essuiles,60,49.4794937,2.2931002
60236,Flavy-le-Meldeux,60,49.6860382,3.0459496
60249,Foulangues,60,49.2754350,2.3157480
60251,Fouquerolles,60,49.4571121,2.2150319
60252,Fournival,60,49.4669587,2.3872401
60256,Fresneaux-Montchevreuil,60,49.2907450,2.0132081
60268,Gannes,60,49.5692826,2.4224369
60278,Golancourt,60,49.7069536,3.0699610
60302,Haudivillers,60,49.4874694,2.2436000
60307,Heilles,60,49.3347406,2.2628598
60309,Hénonville,60,49.2081637,2.0522538
60313,Hermes,60,49.3571636,2.2461658
60316,Hodenc-l'Évêque,60,49.3367080,2.1486811
60317,Hondainville,60,49.3382183,2.3017765
60320,Ivors,60,49.2004746,3.0151878
60321,Ivry-le-Temple,60,49.2296066,2.0303540
60196,La Drenne,60,49.3028968,2.0953240
60311,La Hérelle,60,49.5926401,2.4112421
60454,La Neuville-en-Hez,60,49.4049967,2.3250154
60559,La Rue-Saint-Pierre,60,49.4101347,2.2960046
60679,La Villeneuve-sous-Thury,60,49.1562752,3.0614840
60330,Laboissière-en-Thelle,60,49.2881695,2.1581700
60332,Labruyère,60,49.3522182,2.5092529
60355,Laversines,60,49.4270805,2.1938088
60165,Le Coudray-sur-Thelle,60,49.3061107,2.1223209
60230,Le Fay-Saint-Quentin,60,49.4489101,2.2479909
60400,Le Mesnil-sur-Bulles,60,49.4857600,2.3451320
60497,Le Plessier-sur-Bulles,60,49.4944956,2.3143974
60498,Le Plessier-sur-Saint-Just,60,49.5109959,2.4535506
60520,Le Quesnel-Aubry,60,49.5085341,2.3102008
60360,Liancourt,60,49.3312000,2.4659100
60362,Libermont,60,49.6941886,2.9732309
60364,Lieuvillers,60,49.4701599,2.4960691
60366,Litz,60,49.4160155,2.3304030
60370,Lormaison,60,49.2566300,2.1045000
60380,Mareuil-sur-Ourcq,60,49.1363330,3.0790475
60385,Marolles,60,49.1703650,3.1044017
60393,Mello,60,49.2729955,2.3644583
60395,Méru,60,49.2361978,2.1355087
60404,Mogneville,60,49.3152982,2.4715315
60406,Monceaux,60,49.3196007,2.5510617
60410,Mondescourt,60,49.5975248,3.1115941
60426,Montreuil-sur-Thérain,60,49.3804757,2.1935464
60427,Monts,60,49.2174941,2.0150032
60433,Mortefontaine-en-Thelle,60,49.2654144,2.1881832
60437,Mouchy-le-Châtel,60,49.3264357,2.2505039
60439,Mouy,60,49.3196544,2.3205165
60448,Neufchelles,60,49.1142077,3.0596526
60452,Neuville-Bosc,60,49.2002862,2.0120618
60462,Noailles,60,49.3269000,2.2000013
60466,Noroy,60,49.4489056,2.5024778
60468,Nourard-le-Franc,60,49.4993891,2.3734749
60469,Novillers,60,49.2706339,2.2143508
60495,Plainval,60,49.5287427,2.4415343
60504,Ponchon,60,49.3471204,2.1956623
60512,Pouilly,60,49.2733471,2.0319006
60522,Quinquempoix,60,49.5513400,2.4260908
60524,Rantigny,60,49.3311881,2.4400980
60526,Ravenel,60,49.5145450,2.5039066
60530,Rémérangles,60,49.4459525,2.2858422
60542,Rochy-Condé,60,49.4031119,2.1788811
60547,Rosoy,60,49.3412025,2.4990153
60562,Sacy-le-Grand,60,49.3537045,2.5432509
60570,Saint-Crépin-Ibouvillers,60,49.2615617,2.0699501
60575,Sainte-Geneviève,60,49.2873658,2.1994569
60581,Saint-Just-en-Chaussée,60,49.5052334,2.4337604
60595,Saint-Remy-en-l'Eau,60,49.4712040,2.4312732
60613,Senots,60,49.2645309,1.9935139
60620,Silly-Tillard,60,49.3251581,2.1566309
60638,Thury-sous-Clermont,60,49.3569145,2.3215152
60651,Ully-Saint-Georges,60,49.2791908,2.2802794
60652,Valdampierre,60,49.3035832,2.0512006
60653,Valescourt,60,49.4830138,2.4364961
60658,Vauciennes,60,49.2361378,3.0287798
60669,Verderonne,60,49.3297709,2.4981611
60672,Vez,60,49.2645975,3.0016953
60678,Villeneuve-les-Sablons,60,49.2374486,2.0759909
60685,Villers-Saint-Sépulcre,60,49.3657583,2.2153096
60693,Villeselve,60,49.6975572,3.1121418
60701,Wavignies,60,49.5468450,2.3581498
62023,Allouagne,62,50.5325000,2.5070600
62028,Ames,62,50.5367150,2.4086536
62029,Amettes,62,50.5311285,2.3948399
62033,Annay,62,50.4628000,2.8855000
62046,Aubin-Saint-Vaast,62,50.3976597,1.9744794
62048,Auchel,62,50.5037492,2.4682059
62049,Auchy-au-Bois,62,50.5551792,2.3710472
62050,Auchy-lès-Hesdin,62,50.3988228,2.1019554
62057,Audruicq,62,50.8786489,2.0752362
62058,Aumerval,62,50.5064815,2.3991876
62060,Auxi-le-Château,62,50.2314908,2.1177614
62071,Bailleul-lès-Pernes,62,50.5100039,2.3876004
62083,Barlin,62,50.4568365,2.6174771
62090,Béalencourt,62,50.4353371,2.1215379
62881,Beauvoir-Wavans,62,50.2184741,2.1630850
62138,Blangy-sur-Ternoise,62,50.4214500,2.1695600
62142,Blingel,62,50.4078300,2.1473100
62143,Boffles,62,50.2539884,2.2028515
62661,Bouin-Plumoison,62,50.3819815,1.9886858
62162,Bourecq,62,50.5716484,2.4339323
62171,Boyaval,62,50.4742993,2.3040875
62175,Brévillers,62,50.3458741,2.0153571
62182,Buire-au-Bois,62,50.2623174,2.1520198
62190,Busnes,62,50.5873143,2.5180387
62194,Calonne-Ricouart,62,50.4869689,2.4817620
62212,Capelle-lès-Hesdin,62,50.3412666,1.9983719
62217,Cauchy-à-la-Tour,62,50.5031042,2.4521125
62219,Caumont,62,50.2889755,2.0307790
62220,Cavron-Saint-Martin,62,50.4177070,1.9998341
62222,Chériennes,62,50.3136300,2.0353100
62236,Contes,62,50.4073056,1.9650258
62282,Éclimeux,62,50.3987890,2.1786889
62286,Ecquedecques,62,50.5621192,2.4487029
62327,Febvin-Palfart,62,50.5384847,2.3157971
62328,Ferfay,62,50.5195834,2.4227692
62333,Fiefs,62,50.5034427,2.3288853
62340,Floringhem,62,50.4969382,2.4257334
62342,Fontaine-lès-Boulans,62,50.4983600,2.2752927
62344,Fontaine-lès-Hermans,62,50.5260594,2.3494417
62345,Fontaine-l'Étalon,62,50.3047120,2.0641039
62357,Fresnoy,62,50.3673000,2.1283400
62359,Fressin,62,50.4465629,2.0553542
62365,Galametz,62,50.3278998,2.1372235
62366,Gauchin-Légal,62,50.4154126,2.5807825
62370,Gennes-Ivergny,62,50.2647913,2.0476024
62376,Gonnehem,62,50.5622867,2.5738425
62388,Grigny,62,50.3856239,2.0658310
62393,Guemps,62,50.9169221,1.9967667
62395,Guigny,62,50.3298951,1.9988446
62398,Guisy,62,50.3890432,2.0013576
62411,Haravesnes,62,50.2876927,2.1305753
62413,Harnes,62,50.4474100,2.9068246
62427,Hénin-Beaumont,62,50.4191721,2.9469339
62441,Hermin,62,50.4186763,2.5583632
62447,Hesdin,62,50.3738145,2.0389790
62451,Heuchin,62,50.4748336,2.2690192
62456,Houchin,62,50.4823382,2.6195516
62461,Huby-Saint-Leu,62,50.3935237,2.0305421
62470,Incourt,62,50.3908100,2.1518100
62521,La Loge,62,50.4101276,2.0317676
62481,Labroye,62,50.2782208,1.9899078
62647,Le Parcq,62,50.3787852,2.1006927
62665,Le Ponchel,62,50.2577216,2.0713846
62677,Le Quesnoy-en-Artois,62,50.3334800,2.0475600
62043,Les Attaques,62,50.9072312,1.9336940
62500,Lespesses,62,50.5632812,2.4220283
62508,Lières,62,50.5544531,2.4170378
62512,Ligny-lès-Aire,62,50.5573349,2.3492064
62516,Lillers,62,50.5606000,2.4760400
62532,Lozinghem,62,50.5179975,2.4995182
62540,Maisnil-lès-Ruitz,62,50.4533762,2.5857463
62548,Marck,62,50.9490000,1.9519900
62549,Marconne,62,50.3663428,2.0302604
62550,Marconnelle,62,50.3738592,2.0183811
62553,Marest,62,50.4669138,2.4122070
62555,Marles-les-Mines,62,50.5019493,2.5060412
62570,Méricourt,62,50.4015803,2.8664217
62596,Mouriez,62,50.3424448,1.9464671
62598,Muncq-Nieurlet,62,50.8471786,2.1144961
62600,Nédon,62,50.5249600,2.3692000
62601,Nédonchel,62,50.5240100,2.3579500
62605,Neulette,62,50.3828310,2.1659893
62616,Noeux-lès-Auxi,62,50.2351319,2.1748071
62618,Nordausques,62,50.8186658,2.0797045
62622,Nort-Leulinghem,62,50.8008743,2.0931958
62623,Nouvelle-Église,62,50.9249543,2.0537252
62625,Noyelles-lès-Humières,62,50.3734653,2.1753371
62628,Noyelles-sous-Lens,62,50.4307524,2.8760012
62634,Offekerque,62,50.9412123,2.0197448
62645,Oye-Plage,62,50.9809000,2.0419800
62652,Pernes,62,50.4841033,2.4107490
62662,Polincove,62,50.8545085,2.1022587
62669,Pressy,62,50.4751466,2.3970397
62683,Quoeux-Haut-Maînil,62,50.2997376,2.1098084
62690,Raye-sur-Authie,62,50.2976500,1.9473100
62699,Recques-sur-Hem,62,50.8365368,2.0882503
62700,Regnauville,62,50.3136208,2.0139624
62713,Robecq,62,50.5950176,2.5636502
62719,Rollancourt,62,50.4076500,2.1220200
62722,Rougefay,62,50.2729347,2.1710322
62727,Ruitz,62,50.4665031,2.5885005
62730,Ruminghem,62,50.8600747,2.1574538
62732,Sachin,62,50.4866492,2.3753599
62740,Sains-lès-Pernes,62,50.4773200,2.3557300
62743,Sainte-Austreberthe,62,50.3570452,2.0428922
62756,Sainte-Marie-Kerque,62,50.9005923,2.1374585
62748,Saint-Folquin,62,50.9462324,2.1233543
62749,Saint-Georges,62,50.3583949,2.0874312
62750,Saint-Hilaire-Cottes,62,50.5703444,2.4140311
62766,Saint-Omer-Capelle,62,50.9391812,2.1040242
62771,Sallaumines,62,50.4205435,2.8591238
62805,Tangry,62,50.4651042,2.3548062
62822,Tollent,62,50.2772158,2.0137126
62824,Tortefontaine,62,50.3227280,1.9232923
62834,Vacqueriette-Erquières,62,50.3276480,2.0787988
62838,Vaulx,62,50.2673619,2.0964942
62850,Vieil-Hesdin,62,50.3561926,2.0980398
62852,Vieille-Église,62,50.9288207,2.0781576
62859,Villers-l'Hôpital,62,50.2280007,2.2134032
62868,Wail,62,50.3475601,2.1256189
62871,Wambercourt,62,50.4284600,2.0232800
62872,Wamin,62,50.4134141,2.0587772
62890,Willeman,62,50.3530557,2.1568797
62891,Willencourt,62,50.2404111,2.0886560
62906,Zutkerque,62,50.8534096,2.0679838
80004,Acheux-en-Vimeu,80,50.0644893,1.6751227
80005,Agenville,80,50.1650700,2.1024500
80008,Aigneville,80,50.0332673,1.6183832
80060,Béalcourt,80,50.2042600,2.1843100
80068,Beaumetz,80,50.1409500,2.1196500
80085,Bernâtre,80,50.1973200,2.0906900
80097,Béthencourt-sur-Somme,80,49.7958939,2.9638972
80118,Boufflers,80,50.2615709,2.0206519
80144,Brouchy,80,49.7175452,3.0982693
80158,Buverchy,80,49.7299900,2.9695100
80190,Chépy,80,50.0628538,1.6468738
80208,Conteville,80,50.1774400,2.0742700
80226,Croix-Moligneaux,80,49.8153371,3.0033793
80245,Domléger-Longvillers,80,50.1597890,2.0873387
80248,Dompierre-sur-Authie,80,50.3036241,1.9168755
80252,Douilly,80,49.7946748,3.0653644
80274,Eppeville,80,49.7413575,3.0512443
80284,Esmery-Hallon,80,49.7172363,3.0123898
80300,Falvy,80,49.8243300,2.9583400
80308,Feuquières-en-Vimeu,80,50.0608885,1.6088164
80360,Fressenneville,80,50.0682037,1.5752081
80369,Frohen-sur-Authie,80,50.2023219,2.2064512
80389,Grécourt,80,49.7160492,2.9857989
80396,Gueschart,80,50.2389873,2.0114774
80410,Ham,80,49.7463220,3.0733031
80439,Heuzecourt,80,50.1727100,2.1666400
80440,Hiermont,80,50.1945100,2.0753500
80442,Hombleux,80,49.7390706,2.9864431
80465,Languevoisin-Quiquery,80,49.7476535,2.9304343
80109,Le Boisle,80,50.2717766,1.9852951
80526,Le Meillard,80,50.1701036,2.1948714
80501,Maison-Ponthieu,80,50.2068300,2.0429500
80503,Maizicourt,80,50.1957500,2.1215000
80519,Matigny,80,49.7957138,3.0080509
80563,Montigny-les-Jongleurs,80,50.1805600,2.1329500
80576,Moyencourt,80,49.7224525,2.9517075
80579,Muille-Villette,80,49.7248605,3.0670629
80589,Neuilly-le-Dien,80,50.2230000,2.0426400
80599,Noyelles-en-Chaussée,80,50.2086018,1.9798364
80605,Offoy,80,49.7607870,3.0098664
80631,Ponches-Estruval,80,50.3100243,1.8933262
80642,Prouville,80,50.1472800,2.1251300
80654,Quesnoy-le-Montant,80,50.1091008,1.6878916
80658,Quivières,80,49.8235884,3.0371966
80683,Rouy-le-Grand,80,49.7750533,2.9581706
80684,Rouy-le-Petit,80,49.7730024,2.9495446
80697,Saint-Acheul,80,50.1906500,2.1635500
80726,Sancourt,80,49.7726988,3.0410799
80764,Toeufles,80,50.0669569,1.7156891
80765,Tours-en-Vimeu,80,50.0352827,1.6806158
80771,Ugny-l'Équipée,80,49.8174970,3.0617442
80775,Valines,80,50.0760105,1.6213922
80794,Villecourt,80,49.7994951,2.9720511
80810,Vitz-sur-Authie,80,50.2529065,2.0643270
80811,Voyennes,80,49.7726259,2.9837625
80832,Yvrench,80,50.1777900,2.0043400
80833,Yvrencheux,80,50.1814422,1.9930522
02001,Abbécourt,,49.5959000,3.1803900
02002,Achery,,49.6913243,3.3898348
02004,Agnicourt-et-Séchelles,,49.7160000,3.9549800
02009,Alaincourt,,49.7652778,3.3763889
02010,Allemant,,49.4613000,3.4524700
02014,Amigny-Rouy,,49.6105591,3.3052683
02015,Ancienville,,49.2177778,3.2150000
02016,Andelain,,49.6433333,3.3711111
02017,Anguilcourt-le-Sart,,49.6897607,3.4337254
02018,Anizy-le-Château,,49.5052374,3.4431557
02019,Annois,,49.7168000,3.1792700
02020,Any-Martin-Rieux,,49.8807927,4.2210872
02021,Archon,,49.7396539,4.1177577
02025,Artemps,,49.7653389,3.1920179
02031,Aubenton,,49.8367456,4.2040955
02032,Aubigny-aux-Kaisnes,,49.7740510,3.1162661
02035,Audigny,,49.8695895,3.6462111
02074,Bertaucourt-Epourdon,,49.6275000,3.3888889
02075,Berthenicourt,,49.7722222,3.3822222
02066,Benay,,49.7602778,3.3055556
02067,Bergues-sur-Sambre,,50.0341667,3.7066667
02068,Berlancourt,,49.7794953,3.7585541
02069,Berlise,,49.6647222,4.1077778
02084,Bézu-le-Guéry,,49.0075000,3.2251400
02086,Bichancourt,,49.5802778,3.2152778
02090,Billy-sur-Ourcq,,49.2186111,3.3025000
02097,Boncourt,,49.6161000,3.9473300
02107,Bourguignon-sous-Coucy,,49.5441000,3.1578700
02111,Brancourt-en-Laonnois,,49.5134000,3.4194800
02114,Brasles,,49.0500000,3.4286111
02116,Braye-en-Thiérache,,49.7794257,3.9588314
02117,Bray-Saint-Christophe,,49.7709000,3.1443800
02130,Bucilly,,49.8777778,4.0936111
02134,Buire,,49.9027778,4.0563889
02135,Buironfosse,,49.9661363,3.8352698
02139,Caillouël-Crépigny,,49.6213101,3.1297928
02140,Camelin,,49.5249394,3.1327038
02142,Castres,,49.8044444,3.2383333
02145,Caumont,,49.6331375,3.1734264
02149,Cerizy,,49.7608333,3.3277778
02155,Chaillevois,,49.5133333,3.5258333
02157,Chambry,,49.5919000,3.6554900
02158,Chamouille,,49.4738537,3.6667010
02159,Champs,,49.5404000,3.2562500
02160,Chaourse,,49.7050000,3.9983333
02163,Charly-sur-Marne,,48.9754438,3.2843296
02165,Charmes,,49.6516667,3.3786111
02168,Châtillon-lès-Sons,,49.7594444,3.6850000
02169,Châtillon-sur-Oise,,49.7910697,3.4195244
02173,Chauny,,49.6148945,3.2189506
02174,Chavignon,,49.4796002,3.5212454
02185,Chézy-en-Orxois,,49.1235000,3.1832200
02187,Chierry,,49.0397222,3.4302778
02188,Chigny,,49.9172502,3.7706317
02191,Chivy-lès-Étouvelles,,49.5278282,3.5850644
02192,Chouy,,49.2066667,3.2488889
02194,Cilly,,49.7383333,3.8327778
02197,Clairfontaine,,49.9824076,3.9897485
02199,Clastres,,49.7468000,3.2312500
02200,Clermont-les-Fermes,,49.6669000,3.9385700
02204,Coingt,,49.7936111,4.0922222
02206,Colonfay,,49.8588889,3.7133333
02207,Commenchon,,49.6406639,3.1615635
02212,Condren,,49.6301206,3.2809076
02214,Contescourt,,49.7933333,3.2316667
02216,Corcy,,49.2523955,3.2107619
02219,Coucy-la-Ville,,49.5338889,3.3302778
02217,Coucy-le-Château-Auffrique,,49.5193946,3.3205038
02221,Coupru,,49.0313238,3.2711673
02222,Courbes,,49.6852778,3.4519444
02232,Coyolles,,49.2342855,3.0429204
02236,Crécy-au-Mont,,49.4886111,3.3255556
02257,Dallon,,49.8212000,3.2434500
02258,Dammard,,49.1437159,3.1957762
02259,Dampleux,,49.2434969,3.1540927
02260,Danizy,,49.6653051,3.3925653
02261,Dercy,,49.7047362,3.6853417
02262,Deuillet,,49.6308333,3.3622222
02265,Dohis,,49.7622222,4.1363889
02269,Dorengt,,49.9755556,3.6850000
02270,Douchy,,49.7963889,3.1358333
02271,Dravegny,,49.2286578,3.6388222
02272,Droizy,,49.2775000,3.3941400
02273,Dury,,49.7498000,3.1308900
02274,Ébouleau,,49.6734000,3.8729400
02276,Englancourt,,49.9170488,3.8010854
02278,Éparcy,,49.8741667,4.0611111
02287,Essigny-le-Grand,,49.7757876,3.2763080
02298,Étreux,,49.9950000,3.6575000
02301,Faucoucourt,,49.5310858,3.4630334
02302,Faverolles,,49.2236100,3.1763889
02308,Fesmy-le-Sart,,50.0476655,3.6944812
02311,Filain,,49.4524677,3.5584196
02313,Flavigny-le-Grand-et-Beaurain,,49.8931202,3.6665942
02315,Flavy-le-Martel,,49.7126433,3.1915578
02316,Fleury,,49.2587350,3.1566772
02317,Fluquières,,49.8038889,3.1536111
02318,Folembray,,49.5425466,3.2917502
02320,Fontaine-lès-Clercs,,49.8032466,3.2215291
02324,Fontenelle,,50.0313889,3.8663889
02327,Foreste,,49.8094445,3.0997221
02329,Fourdrain,,49.6160558,3.4648239
02333,Fresnes,,49.5544444,3.3705556
02335,Fressancourt,,49.6333333,3.4263889
02336,Frières-Faillouël,,49.6867900,3.2389186
02337,Froidestrées,,49.9408155,3.9046799
02338,Froidmont-Cohartille,,49.6854869,3.7076243
02339,Gandelu,,49.0946068,3.1839258
02340,Gauchy,,49.8250000,3.2705556
02341,Gercy,,49.8138889,3.8683333
02342,Gergny,,49.9150000,3.9350000
02343,Germaine,,49.8119445,3.1158333
02345,Gibercourt,,49.7375000,3.2852778
02346,Gizy,,49.6014113,3.7750603
02354,Grandrieux,,49.7311111,4.1855556
02359,Grugies,,49.8138889,3.2669444
02360,Guignicourt,,49.4441240,3.9618156
02361,Guise,,49.8982325,3.6262542
02362,Guivry,,49.6472223,3.1199999
02363,Guny,,49.5197222,3.2683333
02366,Hannapes,,49.9727778,3.6261111
02367,Happencourt,,49.7771000,3.1893200
02368,Haramont,,49.2776988,3.0627757
02370,Hargicourt,,49.9630556,3.1808333
02375,Hautevesnes,,49.1094365,3.2320190
02376,Hauteville,,49.8783333,3.5230556
02380,Hinacourt,,49.7458333,3.2966667
02381,Hirson,,49.9203419,4.0837186
02385,Housset,,49.7950000,3.7086111
02386,Iron,,49.9550000,3.6608333
02387,Itancourt,,49.8075000,3.3458333
02388,Iviers,,49.7844444,4.1436111
02391,Jeantes,,49.8044444,4.0558333
02397,Jussy,,49.7201000,3.2309000
02141,La Capelle,,49.9780556,3.9172222
02162,La Chapelle-sur-Chézy,,48.9465732,3.3777287
02304,La Fère,,49.6632869,3.3661672
02306,La Ferté-Chevresis,,49.7375000,3.5586111
02307,La Ferté-Milon,,49.1776527,3.1247707
02312,La Flamengrie,,50.0047222,3.9211111
02378,La Hérie,,49.8844444,4.0486111
02545,La Neuville-Bosmont,,49.7128505,3.8393285
02546,La Neuville-en-Beine,,49.6739000,3.1528800
02547,La Neuville-Housset,,49.7922222,3.7294444
02548,La Neuville-lès-Dorengt,,49.9780556,3.6761111
02705,La Selve,,49.5698000,3.9952700
02759,La Vallée-au-Blé,,49.8591667,3.7897222
02760,La Vallée-Mulâtre,,50.0219444,3.5602778
02802,La Ville-aux-Bois-lès-Dizy,,49.6616769,3.9926892
02402,Lanchy,,49.8272223,3.0763889
02403,Landifay-et-Bertaignemont,,49.8180090,3.6056580
02405,Landouzy-la-Ville,,49.8618832,4.0488822
02410,Largny-sur-Automne,,49.2611112,3.0419444
02414,Lavaqueresse,,49.9497222,3.7108333
02143,Le Catelet,,50.0030556,3.2450000
02164,Le Charmel,,49.1122000,3.5504200
02379,Le Hérie-la-Viéville,,49.8230556,3.6455556
02558,Le Nouvion-en-Thiérache,,50.0180500,3.7858000
02731,Le Sourd,,49.8616667,3.7491667
02425,Leuze,,49.8522222,4.1625000
02281,L'Épine-aux-Bois,,48.8849181,3.4481365
02418,Lerzy,,49.9445744,3.8835596
02038,Les Autels,,49.7636244,4.2253156
02419,Leschelle,,49.9584375,3.7698043
02422,Lesquielles-Saint-Germain,,49.9319444,3.6219444
02424,Leury,,49.4316667,3.3372222
02427,Lhuys,,49.2807999,3.5551044
02428,Licy-Clignon,,49.0995000,3.2738500
02429,Lierval,,49.4837235,3.6166111
02430,Liesse-Notre-Dame,,49.6101283,3.8048103
02431,Liez,,49.6913889,3.2916667
02433,Lislet,,49.6854946,4.0223199
02438,Longpont,,49.2731771,3.2201765
02441,Louâtre,,49.2572051,3.2471959
02443,Lucy-le-Bocage,,49.0576000,3.2795300
02444,Lugny,,49.7816658,3.8087528
02445,Luzoir,,49.9261111,3.9627778
02446,Ly-Fontaine,,49.7352778,3.3086111
02447,Maast-et-Violaine,,49.2855822,3.4503803
02448,Mâchecourt,,49.6541000,3.8392600
02449,Macogny,,49.1662000,3.2290100
02450,Macquigny,,49.8858333,3.5525000
02455,Malzy,,49.9076679,3.7277831
02456,Manicamp,,49.5725000,3.1708333
02460,Marcy-sous-Marle,,49.7383106,3.7377390
02461,Marest-Dampcourt,,49.5987802,3.1518820
02463,Marfontaine,,49.8044444,3.7705556
02465,Marigny-en-Orxois,,49.0595000,3.2290000
02466,Marizy-Sainte-Geneviève,,49.1814000,3.2023700
02467,Marizy-Saint-Mard,,49.1795964,3.2227053
02468,Marle,,49.7400000,3.7713889
02469,Marly-Gomont,,49.9052000,3.7924000
02470,Martigny,,49.8597222,4.1375000
02473,Mayot,,49.7047222,3.3852778
02474,Mennessis,,49.6936000,3.2729100
02478,Merlieux-et-Fouquerolles,,49.5177778,3.5055556
02481,Mesnil-Saint-Laurent,,49.8302778,3.3555556
02483,Mézières-sur-Oise,,49.7838889,3.4002778
02485,Missy-aux-Bois,,49.3375000,3.2513889
02490,Monampteuil,,49.4748000,3.5723200
02491,Monceau-le-Neuf-et-Faucouzy,,49.7705556,3.6166667
02492,Monceau-lès-Leups,,49.6687000,3.4926800
02494,Monceau-sur-Oise,,49.9022222,3.6963889
02495,Mondrepuis,,49.9625181,4.0549425
02496,Monnes,,49.1469000,3.2198100
02500,Montbrehain,,49.9676795,3.3508291
02502,Montcornet,,49.6963889,4.0180556
02503,Mont-d'Origny,,49.8421250,3.4992201
02504,Montescourt-Lizerolles,,49.7371651,3.2590527
02506,Montgobert,,49.3077778,3.1491667
02507,Montgru-Saint-Hilaire,,49.1892455,3.3289588
02513,Montigny-le-Franc,,49.6892475,3.9074085
02516,Montigny-sous-Marle,,49.7491667,3.7930556
02518,Montlevon,,48.9658000,3.5399300
02519,Montloué,,49.6737156,4.0712229
02522,Mont-Saint-Jean,,49.7901414,4.2091833
02523,Mont-Saint-Martin,,49.2821030,3.6389239
02524,Mont-Saint-Père,,49.0758333,3.4902778
02521,Montreuil-aux-Lions,,49.0218654,3.1949833
02525,Morcourt,,49.8769444,3.3230556
02526,Morgny-en-Thiérache,,49.7602778,4.0786111
02527,Morsain,,49.4538000,3.1783200
02528,Mortefontaine,,49.3313129,3.0751940
02529,Mortiers,,49.6881033,3.6670747
02530,Moulins,,49.4217000,3.6847000
02531,Moussy-Verneuil,,49.4155000,3.6352200
02532,Moÿ-de-l'Aisne,,49.7533333,3.3633333
02533,Muret-et-Crouttes,,49.2834200,3.4182603
02535,Nampcelles-la-Cour,,49.7791667,4.0038889
02536,Nampteuil-sous-Muret,,49.3008971,3.4255778
02537,Nanteuil-la-Fosse,,49.4363889,3.4541667
02542,Neuflieux,,49.6194000,3.1607000
02543,Neuilly-Saint-Front,,49.1708005,3.2631904
02544,Neuve-Maison,,49.9292970,4.0338538
02549,Neuville-Saint-Amand,,49.8261858,3.3341929
02552,Neuvillette,,49.8544444,3.4830556
02555,Nogent-l'Artaud,,48.9649223,3.3185557
02556,Noircourt,,49.6686111,4.0930556
02557,Noroy-sur-Ourcq,,49.2061111,3.2147222
02559,Nouvion-et-Catillon,,49.7026000,3.4853700
02560,Nouvion-le-Comte,,49.6988889,3.4630556
02563,Noyales,,49.8991762,3.5562791
02566,Ognes,,49.6113889,3.1950000
02567,Ohis,,49.9304040,4.0098300
02568,Oigny-en-Valois,,49.2191062,3.1368636
02569,Oisy,,50.0216667,3.6700000
02570,Ollezy,,49.7341000,3.1453300
02574,Origny-en-Thiérache,,49.8954304,4.0176540
02575,Origny-Sainte-Benoite,,49.8399408,3.4879558
02577,Ostel,,49.4297861,3.5711897
02579,Oulchy-la-Ville,,49.2120000,3.3494600
02584,Papleux,,50.0216667,3.8858333
02586,Parfondeval,,49.7393774,4.1586172
02591,Pargny-les-Bois,,49.7266667,3.6241667
02592,Parpeville,,49.7851669,3.5464771
02594,Passy-en-Valois,,49.1681577,3.1950567
02596,Pavant,,48.9567000,3.2881100
02599,Pierremande,,49.5722222,3.2511111
02600,Pierrepont,,49.6541667,3.7925000
02602,Pinon,,49.4874775,3.4484869
02604,Pithon,,49.7531000,3.0978200
02605,Pleine-Selve,,49.7916667,3.5280556
02607,Ploisy,,49.3322222,3.2916667
02608,Plomion,,49.8086111,4.0188889
02610,Pommiers,,49.3935702,3.2720429
02616,Pont-Saint-Mard,,49.4954000,3.2826200
02621,Presles-et-Thierny,,49.5083333,3.6277778
02622,Priez,,49.1368673,3.2638359
02623,Prisces,,49.7797222,3.8627778
02624,Proisy,,49.8985340,3.7416112
02625,Proix,,49.9010824,3.5672415
02628,Puiseux-en-Retz,,49.2964883,3.1301970
02629,Puisieux-et-Clanlieu,,49.8547222,3.6783333
02631,Quierzy,,49.5713889,3.1441667
02632,Quincy-Basse,,49.5155000,3.3766100
02634,Raillimont,,49.7062052,4.1521097
02636,Regny,,49.8318000,3.4308200
02638,Remies,,49.6787416,3.5225751
02639,Remigny,,49.7201411,3.2891893
02640,Renansart,,49.7341667,3.4652778
02642,Résigny,,49.7372222,4.2088889
02647,Ribeauville,,50.0436112,3.5866666
02648,Ribemont,,49.7959192,3.4588395
02649,Rocourt-Saint-Martin,,49.1524912,3.3877418
02651,Rogécourt,,49.6521125,3.4278674
02652,Rogny,,49.7697112,3.8101533
02653,Romeny-sur-Marne,,48.9755000,3.3347700
02654,Romery,,49.8964411,3.7220870
02657,Rougeries,,49.8038889,3.7875000
02658,Roupy,,49.8127770,3.1841666
02660,Rouvroy-sur-Serre,,49.7204476,4.1769634
02666,Rozoy-sur-Serre,,49.7097291,4.1290370
02671,Saint-Aubin,,49.5114000,3.1888100
02674,Saint-Clément,,49.7765278,4.0716276
02679,Saint-Gengoulph,,49.1193000,3.2182700
02680,Saint-Gobain,,49.5967000,3.3759000
02684,Saint-Michel,,49.9186556,4.1340444
02685,Saint-Nicolas-aux-Bois,,49.5921767,3.4302236
02686,Saint-Paul-aux-Bois,,49.5313000,3.2046000
02689,Saint-Pierremont,,49.7223330,3.8820725
02693,Saint-Rémy-Blanzy,,49.2416667,3.3105556
02694,Saint-Simon,,49.7445000,3.1712700
02696,Samoussy,,49.5847612,3.7346118
02699,Saponay,,49.2145000,3.4810000
02701,Saulchery,,48.9754000,3.3047000
02704,Selens,,49.5015951,3.2094845
02707,Septvaux,,49.5709000,3.3770400
02710,Seraucourt-le-Grand,,49.7779578,3.2099421
02716,Servais,,49.6211111,3.3444444
02717,Séry-lès-Mézières,,49.7750000,3.4205556
02718,Silly-la-Poterie,,49.1977778,3.1480556
02719,Sinceny,,49.5969444,3.2472222
02721,Sissy,,49.8029229,3.4306763
02723,Soize,,49.7016667,4.0852778
02724,Sommelans,,49.1377434,3.2940834
02725,Sommeron,,49.9519444,3.9402778
02726,Sommette-Eaucourt,,49.7391000,3.1166300
02727,Sons-et-Ronchères,,49.7616000,3.6743100
02729,Soucy,,49.3136111,3.1266667
02732,Surfontaine,,49.7516667,3.4661111
02733,Suzy,,49.5588188,3.4566822
02734,Taillefontaine,,49.3119884,3.0417096
02715,Serval,,49.3537337,3.6870152
02737,Tavaux-et-Pontséricourt,,49.7299166,3.9030408
02738,Tergnier,,49.6558465,3.2918511
02741,Thenelles,,49.8300316,3.4686661
02742,Thiernu,,49.7616667,3.7897222
02745,Toulis-et-Attencourt,,49.7003886,3.7452651
02746,Travecy,,49.6875184,3.3593635
02749,Troësnes,,49.1938889,3.1705556
02750,Trosly-Loire,,49.5178000,3.2262600
02752,Tugny-et-Pont,,49.7590000,3.1541700
02753,Tupigny,,49.9577778,3.6083333
02754,Ugny-le-Gay,,49.6605556,3.1608333
02756,Urvillers,,49.7900000,3.3102778
02757,Vadencourt,,49.9300000,3.5797222
02766,Vaudesson,,49.4710332,3.4848413
02768,Vauxaillon,,49.4768989,3.4064731
02767,Vauxrezis,,49.4141667,3.2816667
02779,Vénérolles,,49.9833333,3.6402778
02786,Verneuil-sous-Coucy,,49.5421230,3.3144980
02788,Versigny,,49.6533628,3.4351147
02790,Vesles-et-Caumont,,49.6700000,3.7854800
02792,Veuilly-la-Poterie,,49.0850265,3.2130236
02796,Vichel-Nanteuil,,49.1876000,3.2899200
02817,Ville-Savoye,,49.2932000,3.6405400
02808,Villeneuve-Saint-Germain,,49.3800000,3.3594444
02809,Villeneuve-sur-Fère,,49.1783333,3.4758333
02810,Villequier-Aumont,,49.6580556,3.2069444
02813,Villers-Cotterêts,,49.2549479,3.0909275
02812,Villers-Hélon,,49.2641483,3.2629052
02814,Villers-lès-Guise,,49.9189851,3.6778375
02815,Villers-Saint-Christophe,,49.7787408,3.0918528
02816,Villers-sur-Fère,,49.1828369,3.5337875
02818,Villiers-Saint-Denis,,48.9915798,3.2667407
02819,Vincy-Reuil-et-Magny,,49.7174131,4.0592187
02820,Viry-Noureuil,,49.6305172,3.2451299
02822,Vivières,,49.3011112,3.1026451
02823,Voharies,,49.7891667,3.7955556
02827,Voulpaix,,49.8400000,3.8313889
02828,Voyenne,,49.7242000,3.7352100
02830,Wassigny,,50.0138889,3.6008333
02831,Watigny,,49.9025000,4.1991667
02832,Wiège-Faty,,49.8847520,3.7120107
02833,Wimy,,49.9342817,3.9995230
02834,Wissignicourt,,49.5230444,3.4468446
